frameIndex,frameTime,pcm_fftMag_mfcc[1],pcm_fftMag_mfcc[2],pcm_fftMag_mfcc[3],pcm_fftMag_mfcc[4],pcm_fftMag_mfcc[5],pcm_fftMag_mfcc[6],pcm_fftMag_mfcc[7],pcm_fftMag_mfcc[8],pcm_fftMag_mfcc[9],pcm_fftMag_mfcc[10],pcm_fftMag_mfcc[11],pcm_fftMag_mfcc[12],pcm_LOGenergy
0,0.000000,-1.773821e+01,-7.963524e+00,9.516442e+00,7.358440e+00,1.509484e+01,-1.218943e+01,-1.660533e+01,9.753683e+00,-1.131374e+01,-5.636532e+00,-2.469410e+00,-4.989316e+00,1.301119e+01
1,0.010000,-1.823951e+01,-1.081849e+01,3.434017e+00,3.304060e+00,3.384461e+00,-2.020033e+01,-2.416660e+01,-2.379367e+00,-3.612447e-01,-3.303789e+00,1.573727e+00,1.043282e+01,1.280606e+01
2,0.020000,-2.025769e+01,4.788106e+00,-2.585514e+00,1.983890e+01,-2.369740e+00,-8.477683e-01,-3.367603e+01,1.472944e+01,-9.998274e+00,-1.782192e+00,-1.538517e+01,-1.755323e+00,1.402821e+01
3,0.030000,-2.921296e+01,8.494924e+00,-1.920441e+01,1.665834e+01,-2.759990e+00,5.845234e+00,-3.291880e+01,7.090656e+00,-1.110396e+01,1.333786e+01,-1.118523e+01,8.673446e+00,1.405470e+01
4,0.040000,-1.877078e+01,-3.249965e+00,-1.344380e+01,1.515303e+00,-8.203168e+00,2.065461e-01,-3.185990e+01,3.836497e+00,-8.162494e-01,3.668093e+00,-2.100181e+01,-7.221941e+00,1.405453e+01
5,0.050000,-1.695501e+01,-5.672648e+00,-1.386359e+01,-1.682323e+00,-4.234048e+00,-7.530875e+00,-3.198113e+01,-9.197074e-01,-8.749186e+00,1.608813e+00,-2.033680e+01,-1.113977e+01,1.272526e+01
6,0.060000,-1.344829e+01,-1.393465e+00,-6.995447e+00,-3.078484e-01,2.556708e+00,9.172600e-02,-1.237095e+01,-9.789822e+00,-2.243561e+00,8.958442e-01,-1.773141e+01,-1.305166e+01,1.250435e+01
7,0.070000,-1.367291e+01,-4.060306e+00,-3.608537e+00,-4.415839e-01,1.868639e+00,-3.649020e+00,-9.534844e+00,1.115211e+00,-1.266711e+01,-1.487927e+01,-1.513902e+01,-2.509229e+00,1.248105e+01
8,0.080000,-1.911410e+01,5.740591e+00,-1.116701e+01,8.079354e+00,3.889262e+00,2.600972e+00,-1.019827e+01,1.186230e+01,-6.243862e+00,-1.384136e+01,-1.270582e+01,-7.319861e-01,1.520567e+01
9,0.090000,-4.391731e+01,1.046364e+01,-1.066729e+01,5.150136e+00,-9.400580e+00,8.775249e+00,8.337072e+00,-1.666036e+00,-2.706647e+01,4.985631e+00,-1.097015e+01,1.097875e+00,1.604489e+01
10,0.100000,-3.950874e+01,4.283208e+00,-1.544755e+01,4.939065e+00,-1.159501e+01,-2.073802e+00,-3.016279e+00,-1.691345e-02,-2.284484e+01,7.546038e+00,-1.371539e+01,-1.307551e+00,1.604902e+01
11,0.110000,-2.131069e+01,8.483362e-01,-1.123034e+01,7.506023e+00,1.108918e+00,2.092082e+00,-9.246226e+00,2.556353e+01,-3.328783e+00,8.673569e+00,-2.147955e+01,-9.070191e+00,1.311960e+01
12,0.120000,-1.379770e+01,5.384086e+00,-1.217098e+01,8.516776e+00,2.128593e+00,4.357384e+00,-5.357491e+00,2.922976e+01,-2.671323e+00,1.240605e+01,-1.202392e+01,-7.036349e+00,1.303777e+01
13,0.130000,-1.017635e+01,4.519207e+00,-4.429930e+00,6.121300e+00,3.227205e+00,5.799814e+00,-8.981038e+00,1.759609e+01,9.073864e+00,1.549716e+01,-7.418691e+00,-1.177841e+01,1.326556e+01
14,0.140000,-9.556309e+00,5.803616e+00,3.220440e+00,7.200477e+00,5.513803e+00,-3.393990e+00,-7.673541e+00,1.327886e+01,1.118743e+01,8.799527e+00,-9.702613e+00,-6.786391e+00,1.394527e+01
15,0.150000,-8.615904e+00,3.885360e+00,1.121781e+01,1.508633e+01,8.068894e+00,3.025187e+00,8.605097e+00,2.028483e+01,-1.476551e+01,-7.887546e+00,3.245232e+00,-2.841738e+00,1.419965e+01
16,0.160000,-9.001866e+00,6.108097e+00,5.377774e+00,1.858294e+01,1.043897e+01,1.900883e+00,2.257372e+00,5.434282e+00,-9.414940e-01,-4.436901e+00,-2.233882e+00,-1.209579e+01,1.398120e+01
17,0.170000,-1.281557e+01,-1.842431e+00,1.612495e+00,1.164853e+01,8.166893e+00,-9.669954e-01,-9.593993e-01,4.052724e+00,5.727670e+00,-2.880065e+00,-6.184610e-01,-1.183375e+00,1.313146e+01
18,0.180000,-1.127076e+01,4.514347e+00,2.226337e+00,1.038758e+01,6.201420e-01,-1.248950e+01,5.749746e-03,8.365558e+00,6.566180e+00,3.146691e+00,-4.902886e+00,-3.973475e+00,1.265109e+01
19,0.190000,-1.417386e+01,5.438304e+00,9.528534e+00,6.550534e+00,3.032949e+00,-1.410592e+01,-7.176179e+00,7.741888e+00,5.377852e+00,2.290951e-01,5.035964e-01,-2.085319e+00,1.271260e+01
20,0.200000,-1.273904e+01,4.672078e+00,4.630636e+00,1.082814e+01,4.953234e+00,-1.074884e+01,-1.180330e+01,3.842162e+00,-1.214211e+00,2.455451e+00,5.856448e-01,6.025372e-01,1.242419e+01
21,0.210000,-1.519234e+01,9.503840e-01,1.403078e+00,4.403229e+00,1.833353e+00,-1.136131e+01,-1.326250e+01,4.355222e+00,5.869320e+00,-1.387963e+00,-6.346256e+00,4.239355e+00,1.213506e+01
22,0.220000,-1.212804e+01,6.303134e+00,5.173389e+00,6.282948e-01,-3.065509e+00,-1.153259e+01,-2.197567e+01,-1.184689e+01,-3.359687e+00,3.540277e+00,1.785869e+00,1.882417e+00,1.212278e+01
23,0.230000,-1.256958e+01,4.348849e+00,7.924635e+00,4.694962e+00,-4.932306e+00,-1.356665e+01,-1.199581e+01,-6.608911e+00,-7.694484e+00,1.903865e+00,2.981770e-01,-5.802723e+00,1.223397e+01
24,0.240000,-1.132061e+01,2.660089e+00,1.943767e+00,4.157286e+00,-3.695593e+00,-8.225142e+00,1.316703e+00,-2.238101e+00,-8.620879e+00,-2.925420e+00,-4.808260e-01,-4.700295e+00,1.199795e+01
25,0.250000,-1.307940e+01,-8.462448e-01,4.712195e-01,-1.369254e-01,-9.142020e+00,-1.721949e+01,-1.921717e+01,1.711257e+00,6.552886e+00,8.953007e+00,7.372049e+00,-7.699737e-01,1.176760e+01
26,0.260000,-1.406502e+01,-1.735557e+00,7.004504e-01,1.261227e+00,-8.348078e-01,-1.769481e+01,-2.042864e+01,6.364860e+00,5.194076e+00,-3.906222e+00,3.002010e+00,9.658368e+00,1.172367e+01
27,0.270000,-1.087374e+01,-1.787344e+00,4.080710e-01,1.819660e+00,-2.684982e+00,-1.953507e+01,-8.658463e+00,1.715729e+01,2.033689e+01,3.897421e+00,-4.050597e+00,5.390987e+00,1.171151e+01
28,0.280000,-1.111898e+01,-1.393965e+00,1.072321e+00,5.168004e-01,1.756418e+00,-8.909522e+00,-3.720015e+00,1.431995e+01,1.400496e+01,4.529208e+00,-9.886953e+00,-7.516418e-01,1.186464e+01
29,0.290000,-7.623130e+00,4.639496e+00,-5.330700e-01,4.320486e+00,-2.018485e+00,-1.777021e+01,-6.607028e+00,1.704429e+01,1.568481e+00,-9.425434e+00,-3.023816e+00,3.457558e+00,1.185012e+01
30,0.300000,-2.223787e+01,9.058185e+00,4.398332e+00,2.436386e+00,1.493186e+01,-3.858956e+01,-6.948224e+00,7.372427e+00,8.499039e-01,3.120564e+00,-2.426611e+01,1.590812e+01,1.333954e+01
31,0.310000,-2.646992e+01,1.099110e+01,-4.061309e-01,-3.683363e+00,1.983391e+01,-3.774690e+01,-1.736497e+00,5.554752e+00,-1.239986e+01,1.992585e+01,-2.969644e+01,2.951978e+01,1.349188e+01
32,0.320000,-2.156760e+01,7.666205e+00,4.041724e+00,5.892678e+00,5.824380e+00,-4.240001e+01,-8.453157e+00,1.187177e+01,-1.605831e-01,3.450494e+00,-2.297350e+01,7.989357e+00,1.346643e+01
33,0.330000,-2.088643e+01,5.608023e+00,4.174493e+00,1.368662e+01,1.635192e+01,-2.085687e+01,7.448682e+00,2.033142e+01,3.750854e+00,1.056446e+01,-1.099404e+01,1.659751e+01,1.266676e+01
34,0.340000,-1.870644e+01,3.173896e+00,2.615289e+00,1.625594e+01,1.377415e+01,-2.541189e+01,-1.525110e+01,2.155428e+01,8.237782e+00,1.921307e+00,-1.827400e+01,9.130630e-01,1.256151e+01
35,0.350000,-1.986455e+01,5.284574e+00,-3.371300e+00,-5.527622e-01,1.116588e+01,-1.793559e+01,-1.829598e+01,1.552550e+01,8.394732e-01,-3.507260e+00,-5.701721e+00,-3.050639e+00,1.230136e+01
36,0.360000,-1.901731e+01,6.566672e+00,5.432391e+00,7.405811e-01,1.204163e+01,-1.194447e+01,-1.523603e+01,1.044687e+01,2.585114e+00,3.609255e+00,-7.770845e+00,-8.049640e+00,1.223853e+01
37,0.370000,-1.562346e+01,9.322980e+00,7.117523e+00,2.030282e+00,1.064947e+00,-1.533269e+01,-1.926633e+01,7.833372e-01,2.649159e+00,7.733684e+00,-5.564692e+00,-4.198438e+00,1.259823e+01
38,0.380000,-1.540453e+01,9.621891e+00,1.492326e+01,1.045768e+01,7.182583e+00,-6.727435e-01,-1.569007e+01,8.880423e+00,1.406777e+00,1.249922e+01,3.069792e+00,-2.056535e-01,1.289654e+01
39,0.390000,-1.918401e+01,7.595138e+00,1.828049e+01,3.308632e+00,2.730145e+00,9.681891e+00,2.921568e+00,2.224535e+00,9.227781e-02,-6.162808e+00,-8.443817e+00,4.153933e+00,1.294068e+01
40,0.400000,-2.295031e+01,5.070732e+00,1.321612e+01,1.789497e+00,8.020842e+00,1.112058e+00,-6.519596e+00,-5.918388e+00,7.600811e+00,1.281465e+00,-9.688640e+00,-3.887909e+00,1.250961e+01
41,0.410000,-2.157981e+01,4.083382e+00,7.899466e+00,1.013343e+01,7.513019e+00,-1.448415e+01,-1.002839e+01,-8.777619e+00,4.761714e+00,-1.011866e+00,-1.493193e+01,-3.721048e+00,1.210871e+01
42,0.420000,-2.447793e+01,1.437283e+00,2.111597e+00,-4.438246e+00,-1.191216e+00,-1.966651e+01,-1.099483e+01,-1.551332e+01,1.399749e+01,1.200679e+01,7.116375e-01,9.828961e+00,1.198440e+01
43,0.430000,-2.029996e+01,6.217529e+00,9.413424e+00,1.298106e+00,3.826243e+00,-1.779206e+01,-2.728569e+00,-3.749543e+00,1.981689e+01,8.014963e+00,-1.126768e+01,5.397103e+00,1.200024e+01
44,0.440000,-2.197501e+01,6.498376e+00,7.631249e+00,-9.129557e-01,-3.067965e+00,-1.085814e+01,4.702240e+00,-7.200398e+00,3.621074e+00,1.000067e+01,2.535309e+00,8.432953e+00,1.210791e+01
45,0.450000,-2.207630e+01,4.951927e+00,1.354515e+01,3.796214e+00,7.352301e+00,2.838616e+00,4.441733e+00,-6.437908e+00,1.239203e+01,-1.494313e+00,-1.868662e+01,-2.705842e+00,1.174086e+01
46,0.460000,-2.051442e+01,-7.705237e-01,5.197251e+00,2.707675e-01,2.852434e+00,-1.964493e+01,-4.092965e+00,-2.471017e+00,1.597281e+01,-6.170581e-02,-1.615519e+01,2.299743e+00,1.169641e+01
47,0.470000,-1.931754e+01,1.872373e+00,4.618426e+00,2.653059e+00,4.460691e+00,-1.198570e+01,-1.618532e+01,-1.149813e+01,7.767005e+00,1.286417e+01,-9.904223e+00,-8.853422e+00,1.135820e+01
48,0.480000,-1.882957e+01,2.114513e+00,4.964958e+00,1.932026e+00,2.817274e+00,-1.735211e+01,-2.066198e+01,-1.775797e+01,1.037064e+01,2.682414e+00,-6.081645e+00,-6.529157e+00,1.128185e+01
49,0.490000,-2.575576e+01,1.251100e+01,3.002489e+00,-8.663812e+00,2.433303e+01,-3.281290e+01,1.106290e+01,-1.312526e+01,1.159892e+01,1.062912e+01,-2.145687e+01,1.479660e+01,1.433723e+01
50,0.500000,-3.679365e+01,1.903515e+01,2.275892e+00,-1.489557e+01,3.243433e+01,-4.685515e+01,2.216918e+01,-1.823615e+01,1.749706e+01,3.032907e+01,-1.331678e+01,1.827529e+01,1.434965e+01
51,0.510000,-2.320664e+01,6.660289e+00,3.443937e+00,-1.994164e+00,2.298138e+01,-2.466773e+01,1.077866e+01,-2.421120e+01,9.689063e+00,2.013674e+01,-1.340695e+01,1.923155e+01,1.436108e+01
52,0.520000,-1.713347e+01,6.076299e+00,6.897909e+00,1.432630e+00,1.081412e+01,-1.850973e+01,4.646465e+00,-5.083641e+00,1.043875e+01,-1.517154e+00,-2.557080e+01,5.845232e+00,1.161280e+01
53,0.530000,-1.909773e+01,1.049513e+01,2.713393e+00,-1.714625e+00,1.439672e+01,-1.466303e+01,1.264722e+00,6.042846e-01,3.829893e+00,6.822470e+00,-1.258273e+01,-6.123082e+00,1.161959e+01
54,0.540000,-1.776739e+01,9.113284e+00,6.727512e+00,4.251199e-01,4.388614e+00,-1.321207e+01,1.762709e+00,2.006078e+00,1.351880e+01,3.331507e+00,-1.047846e+01,-1.335338e+00,1.148713e+01
55,0.550000,-1.842894e+01,6.123848e+00,8.919286e+00,3.416598e+00,7.580804e-01,-2.461900e+00,-2.090033e-01,-4.430153e+00,1.107174e+01,-1.253360e-02,-4.997684e+00,-3.330523e+00,1.101868e+01
56,0.560000,-1.849694e+01,1.779316e+00,3.539124e+00,1.839715e+00,6.062621e+00,2.932451e+00,-1.380839e+00,-1.267130e+01,4.707544e+00,5.120615e+00,4.206189e+00,4.580933e+00,1.091014e+01
57,0.570000,-1.513899e+01,6.266463e+00,3.421100e+00,2.511044e+00,4.057708e+00,1.196547e+00,9.177653e-01,-6.599907e+00,5.748088e+00,4.975459e+00,-4.122141e+00,-1.595292e+00,1.191993e+01
58,0.580000,-2.117992e+01,4.001668e+00,7.213411e+00,1.532004e+01,1.101099e+01,6.697175e+00,2.164617e-01,-1.709184e+00,8.888046e+00,4.306596e+00,-6.658043e+00,-5.063159e+00,1.210866e+01
59,0.590000,-1.826772e+01,6.293341e+00,4.908664e+00,7.121766e+00,7.071210e+00,5.691608e+00,-4.549454e+00,-1.077729e+01,9.778056e+00,8.954380e+00,3.761271e+00,-5.963484e+00,1.189085e+01
60,0.600000,-1.485883e+01,1.166746e+00,-1.963814e+00,2.869060e+00,8.840422e+00,-2.418314e+00,-8.360929e+00,-3.373302e+00,6.216121e+00,8.271324e+00,-1.009599e+00,-1.248076e+01,1.238065e+01
61,0.610000,-1.856869e+01,-5.825106e+00,-3.696449e+01,-4.015733e+01,3.923744e+01,1.299306e+01,1.595928e+01,-1.586886e+01,7.561316e+00,1.182689e+01,-2.464484e+00,-2.549393e+00,1.779793e+01
62,0.620000,-3.262422e+01,-7.341363e+00,-4.115252e+01,-5.483057e+01,2.516216e+01,1.117933e+01,-6.418675e+00,-3.238852e+01,1.010070e+01,6.572647e+00,-3.191887e+00,-2.339918e+01,1.907069e+01
63,0.630000,-3.299365e+01,-3.275461e+00,-4.032085e+01,-5.014221e+01,7.499019e+00,5.935891e+00,-1.206016e+01,-1.946800e+01,1.301391e+01,5.548731e+00,-1.653055e+00,3.220028e-01,1.985104e+01
64,0.640000,-3.259752e+01,-4.767235e+00,-3.178945e+01,-3.481485e+01,-2.909904e+00,-8.482674e+00,-6.973417e+00,-1.265390e+01,4.126451e+00,5.458933e+00,-1.852464e+01,2.067277e+00,2.033975e+01
65,0.650000,-2.768449e+01,-4.684873e+00,-3.310575e+01,-3.100415e+01,-1.625937e+01,-2.170385e+01,-1.800114e+01,-2.265462e+01,-6.249201e+00,3.965127e+00,-1.435303e+01,-4.872269e+00,2.064976e+01
66,0.660000,-2.601370e+01,-3.115005e+00,-2.761119e+01,-2.688986e+01,-1.141947e+00,-6.592334e+00,-8.825236e+00,-1.688183e+01,-1.634978e+01,-1.542425e+00,-6.740149e+00,-5.175352e+00,2.109988e+01
67,0.670000,-2.416414e+01,-3.528613e+00,-2.962695e+01,-2.400445e+01,-6.938616e+00,4.898458e-01,-2.248813e+01,-5.622170e+00,-3.847600e+00,-6.119812e+00,-1.516299e+01,-5.224744e-01,2.147061e+01
68,0.680000,-2.323825e+01,2.410335e+00,-3.463585e+01,-2.753283e+01,-2.085203e+00,-4.021789e+00,-1.615416e+01,-8.403346e+00,-2.476190e+00,5.959378e+00,-1.380159e+01,1.235751e-01,2.180985e+01
69,0.690000,-2.352339e+01,3.750253e-01,-2.956237e+01,-2.884423e+01,-1.574868e+00,-1.548331e+01,-2.277005e+01,-1.424193e+01,-5.738419e+00,4.287673e+00,-1.885219e+01,-5.272206e+00,2.182869e+01
70,0.700000,-2.641278e+01,-3.062679e+00,-3.652042e+01,-4.000507e+01,1.048015e+00,-6.032061e+00,-9.743167e+00,-1.443868e+01,2.163782e+00,1.806787e+01,-1.807158e+01,-4.151936e-01,2.207054e+01
71,0.710000,-2.315854e+01,-1.962047e-01,-3.659958e+01,-3.368694e+01,-1.052297e+01,-1.868448e+01,-7.306148e+00,-8.178488e+00,6.940554e+00,5.212361e+00,-2.440957e+01,-1.933386e+01,2.207854e+01
72,0.720000,-2.512637e+01,1.976634e+00,-2.587885e+01,-3.908027e+01,-5.044601e+00,-1.321767e+01,-2.071233e+01,-1.947303e+01,2.293242e+00,3.157543e+00,-2.022181e+01,-4.100801e+00,2.167049e+01
73,0.730000,-2.201653e+01,6.631778e+00,-2.441765e+01,-3.235014e+01,8.659384e+00,-7.611036e+00,-1.125580e+01,-1.513162e+01,-1.193938e+01,-4.474627e+00,-1.344360e+01,-1.470574e+01,2.119225e+01
74,0.740000,-9.145011e+00,1.820082e+01,-2.162092e+01,-3.141691e+01,-1.259794e+01,-1.833287e+01,-1.639215e+01,-3.001342e+01,-1.821933e+01,-1.464915e+01,-3.304898e+01,-7.837745e+00,2.280542e+01
75,0.750000,-3.521984e+00,1.634710e+01,-2.719665e+01,-3.545927e+01,-1.327221e+01,-2.208556e+01,-1.753884e+01,-3.056342e+01,-2.627237e+01,2.761417e-02,-3.597353e+01,-1.622850e+01,2.356610e+01
76,0.760000,2.561305e+00,1.786241e+01,-3.087160e+01,-4.154569e+01,-6.899455e-01,-2.200529e+01,-1.937131e+01,-9.665555e+00,-3.326640e+01,1.719118e+01,-2.605449e+01,-1.710934e+01,2.396654e+01
77,0.770000,4.430691e-01,1.665554e+01,-3.458629e+01,-4.648464e+01,-1.244776e+00,-3.078034e+01,-2.626414e+01,-9.124227e+00,-3.012027e+01,1.254646e+01,-3.319072e+01,-1.698759e+01,2.413737e+01
78,0.780000,-2.849643e+00,2.106947e+01,-3.224413e+01,-5.006546e+01,-3.566456e+00,-3.868821e+01,-1.799650e+01,-5.514594e+00,-3.053376e+01,1.011552e+01,-3.232668e+01,-1.941228e+01,2.424542e+01
79,0.790000,-3.147317e+00,1.936822e+01,-3.266542e+01,-4.819960e+01,-1.124567e+01,-3.468705e+01,-1.467751e+01,-2.736660e+00,-4.105059e+01,2.125712e+01,-3.781933e+01,-2.504278e+01,2.423700e+01
80,0.800000,-1.134265e+00,1.264644e+01,-3.183911e+01,-3.886055e+01,-1.595203e+01,-3.333823e+01,-8.465563e+00,-4.780352e+00,-3.971834e+01,2.088198e+01,-3.313307e+01,-3.250408e+01,2.418498e+01
81,0.810000,5.048123e+00,5.967406e+00,-2.848988e+01,-3.603907e+01,-1.398885e+01,-3.277836e+01,-4.774486e+00,-5.288280e+00,-4.220744e+01,2.446527e+01,-2.201833e+01,-3.912554e+01,2.411325e+01
82,0.820000,9.236268e+00,4.889085e+00,-3.700521e+01,-3.272346e+01,-9.661629e+00,-3.173417e+01,-5.567457e+00,-5.676019e+00,-4.228538e+01,1.659662e+01,-1.121610e+01,-3.628553e+01,2.404702e+01
83,0.830000,1.385028e+01,4.088218e+00,-4.209041e+01,-2.597861e+01,-8.528844e+00,-3.490069e+01,-8.739075e+00,-6.773752e+00,-4.176097e+01,1.567739e+01,-2.985004e+00,-3.367503e+01,2.386583e+01
84,0.840000,1.649939e+01,9.894609e+00,-4.331956e+01,-1.401060e+01,-1.534157e+01,-4.042956e+01,-7.398106e+00,-4.256163e+00,-4.100311e+01,2.121341e+01,6.575713e-01,-2.997189e+01,2.348295e+01
85,0.850000,1.436448e+01,1.652845e+01,-3.655714e+01,-1.556254e+01,-1.593845e+01,-4.308455e+01,-1.855843e+01,2.916935e+00,-3.707843e+01,2.875356e+01,-5.477889e+00,-2.617969e+01,2.293033e+01
86,0.860000,1.792177e+01,8.466776e+00,-2.879706e+01,-9.687390e+00,-1.702241e+01,-4.813764e+01,-1.496214e+01,6.493751e+00,-4.359273e+01,2.559889e+01,-9.368006e+00,-1.287690e+01,2.239728e+01
87,0.870000,1.749175e+01,6.343251e+00,-1.934712e+01,-6.739803e+00,-1.618253e+01,-5.660756e+01,-2.162972e+01,5.151053e+00,-4.086213e+01,1.950056e+01,-7.076789e+00,-1.133219e+01,2.193008e+01
88,0.880000,2.194730e+01,3.980759e+00,-2.313772e+01,-6.242388e+00,-6.360070e+00,-5.155681e+01,-1.968558e+01,-9.735567e-02,-3.219510e+01,1.719790e+01,-9.234865e+00,-6.252455e+00,2.157215e+01
89,0.890000,2.203244e+01,4.885711e+00,-2.104566e+01,-1.196284e+01,-1.065948e+01,-4.323628e+01,-2.899145e+01,-9.242839e+00,-2.399105e+01,3.216732e+01,-7.798926e+00,-1.175489e+01,2.138084e+01
90,0.900000,2.215795e+01,5.068313e+00,-2.508348e+01,-1.125771e+01,-1.564710e+01,-4.086874e+01,-3.557344e+01,-8.652064e+00,-9.010821e+00,2.090662e+01,2.688481e+00,-1.524320e+01,2.145825e+01
91,0.910000,2.342626e+01,1.143916e+01,-3.605748e+01,-3.266575e+00,-1.999607e+01,-3.556189e+01,-4.004465e+01,-2.583158e-01,-2.087528e+01,6.030382e+00,4.908949e+00,-1.459269e+01,2.195040e+01
92,0.920000,2.564799e+01,1.049994e+01,-4.553247e+01,3.001408e+00,-1.797889e+01,-2.371498e+01,-3.564817e+01,1.783787e+00,-3.327814e+01,-7.690219e+00,6.522719e+00,4.171912e+00,2.220893e+01
93,0.930000,2.280450e+01,1.399030e+01,-3.186629e+01,1.102985e+01,-2.537882e+01,-2.334770e+01,-2.832162e+01,6.613895e+00,-4.245024e+01,-1.532807e+01,1.953430e+01,-5.437246e+00,2.230272e+01
94,0.940000,1.023294e+01,1.545752e+01,-1.679450e+01,-8.855677e-01,-1.572151e+01,-2.334232e+01,-1.729165e+01,-8.301220e+00,-2.219553e+01,-9.479426e+00,1.134545e+01,-2.480155e+01,2.189790e+01
95,0.950000,-6.627555e+00,5.585574e+00,-1.414355e+01,1.264355e+00,-3.882822e+00,-2.169898e+00,-3.843754e+00,-3.215670e+01,-3.289677e+01,1.124802e+01,5.292736e+00,-3.229131e+01,2.113039e+01
96,0.960000,-1.570288e+01,5.677265e+00,-1.904492e+01,-1.437339e+01,3.049854e+00,4.125798e-01,7.085494e+00,-2.820492e+01,-1.537360e+01,1.941575e+01,-8.196441e+00,-2.380544e+01,2.021793e+01
97,0.970000,-2.594078e+01,3.723705e+00,-1.881405e+01,-1.706408e+01,1.085412e+01,5.910459e-01,2.054482e+00,-2.673024e+01,-3.699114e+00,9.367605e+00,-1.719228e+01,-3.067568e+01,1.993261e+01
98,0.980000,-2.089079e+01,1.376295e+01,-1.896148e+01,-2.475934e+01,1.115840e+01,9.828504e+00,-1.398615e+00,-2.325112e+01,5.061019e+00,1.428232e+01,-1.836986e+01,-2.558809e+01,1.984115e+01
99,0.990000,-2.052255e+01,1.177905e+01,-1.711833e+01,-2.644813e+01,3.535171e+00,-3.041497e+00,-8.345496e+00,-2.600024e+01,3.168276e+00,6.193460e+00,-2.338477e+01,-1.988646e+01,2.007325e+01
100,1.000000,-2.248079e+01,8.794302e+00,-2.067922e+01,-3.167703e+01,-1.743850e-01,-7.006510e-01,6.513882e+00,-1.946560e+01,-2.206758e+00,1.864274e+01,-9.051344e+00,-1.799521e+01,2.018880e+01
101,1.010000,-1.923581e+01,9.063890e+00,-1.781013e+01,-4.225040e+01,1.825982e+00,3.865208e+00,-6.834620e+00,-1.723259e+01,-4.870413e+00,2.044062e+01,-7.970999e+00,-1.077316e+01,2.018053e+01
102,1.020000,-2.009874e+01,1.167040e+01,-1.602533e+01,-3.420161e+01,9.764222e+00,1.504090e+01,-3.681416e+00,-1.884823e+01,-3.396688e+00,2.042978e+01,-1.508939e+01,-1.084381e+01,2.013964e+01
103,1.030000,-1.995015e+01,1.441258e+01,-1.886619e+01,-3.921225e+01,1.035782e+01,5.677232e+00,-5.994110e+00,-1.168439e+01,8.933289e-01,1.413404e+01,-2.907656e+01,-1.471716e+01,2.000004e+01
104,1.040000,-1.026175e+01,2.103612e+01,-1.215485e+01,-3.882081e+01,-5.999236e-01,3.003349e+00,-1.407189e+01,-3.574358e+01,-1.761936e+01,5.353020e+00,-2.028931e+01,-7.522855e+00,2.054273e+01
105,1.050000,-9.367487e-01,2.367067e+01,-1.228105e+01,-3.845856e+01,-4.745898e+00,-3.400641e+00,-3.405612e+01,-2.719515e+01,-3.605843e+00,2.394228e+01,-3.515781e+01,-7.667529e+00,2.134056e+01
106,1.060000,4.868627e+00,1.948875e+01,-1.759718e+01,-4.742498e+01,-7.407447e+00,-1.363612e+01,-3.391988e+01,-1.734402e+01,-1.733355e+01,1.655920e+01,-3.093881e+01,-7.136266e+00,2.176720e+01
107,1.070000,8.225325e+00,2.693940e+01,-2.003679e+01,-5.669746e+01,-1.368032e+01,-1.103935e+01,-2.930416e+01,-1.916574e+01,-3.763187e+01,2.527019e+01,-3.144457e+01,-1.968781e+01,2.197665e+01
108,1.080000,1.002295e+01,3.159343e+01,-2.124564e+01,-4.574728e+01,-1.210183e+01,-1.440586e+01,-3.379381e+01,-1.934811e+00,-4.458907e+01,3.623069e+01,-3.267173e+01,-1.600255e+01,2.210909e+01
109,1.090000,1.207844e+01,2.703400e+01,-1.919508e+01,-4.082882e+01,-8.126033e+00,-1.851661e+01,-3.722205e+01,7.285714e+00,-4.267656e+01,4.275435e+01,-4.324632e+01,-1.394353e+01,2.223252e+01
110,1.100000,1.401273e+01,2.292143e+01,-2.198816e+01,-3.993823e+01,-6.360306e+00,-2.129357e+01,-3.621869e+01,7.807906e+00,-4.977715e+01,4.939468e+01,-4.021886e+01,-2.034173e+01,2.230696e+01
111,1.110000,1.552808e+01,1.454054e+01,-1.903852e+01,-4.565769e+01,-7.231925e+00,-2.375605e+01,-3.242533e+01,2.303000e+00,-5.441145e+01,4.769645e+01,-3.588838e+01,-2.276740e+01,2.229011e+01
112,1.120000,1.745020e+01,1.197313e+01,-1.544632e+01,-4.087044e+01,-9.546877e+00,-2.344879e+01,-2.287226e+01,-1.064440e+01,-5.307871e+01,5.889482e+01,-2.043481e+01,-2.254730e+01,2.214334e+01
113,1.130000,1.812905e+01,1.399483e+01,-1.821012e+01,-4.218287e+01,-1.083786e+01,-2.591995e+01,-2.837225e+01,-1.184291e+01,-4.642426e+01,5.154404e+01,-1.116935e+01,-2.759835e+01,2.197862e+01
114,1.140000,1.912810e+01,1.569800e+01,-1.489875e+01,-3.464635e+01,-1.096773e+01,-2.669715e+01,-3.541920e+01,-6.713510e+00,-2.180748e+01,4.704177e+01,-7.829311e+00,-3.033939e+01,2.162737e+01
115,1.150000,1.929675e+01,1.763312e+01,-2.005057e+01,-2.773713e+01,-1.286836e+01,-3.815448e+01,-4.205503e+01,-9.023010e+00,-1.060418e+01,3.852975e+01,-3.093806e+00,-3.289921e+01,2.130392e+01
116,1.160000,2.032180e+01,1.794103e+01,-1.927275e+01,-2.744408e+01,-1.497524e+01,-3.079348e+01,-3.912863e+01,-6.048768e+00,-2.888790e+00,3.856083e+01,-1.507333e+00,-2.357400e+01,2.105388e+01
117,1.170000,2.107393e+01,1.643008e+01,-2.114905e+01,-1.931767e+01,-2.394410e+01,-3.705783e+01,-3.394883e+01,8.731057e+00,-1.594058e+00,2.123926e+01,-1.300610e+01,-1.289972e+01,2.113226e+01
118,1.180000,2.137632e+01,1.099627e+01,-2.916373e+01,-9.670842e+00,-1.770216e+01,-4.403527e+01,-4.182353e+01,2.923394e+01,-8.952143e+00,5.799651e+00,-1.347654e+01,5.543873e+00,2.137339e+01
119,1.190000,2.000043e+01,3.563266e+00,-3.375111e+01,-6.437166e+00,-1.338929e+01,-4.967509e+01,-4.725261e+01,2.473731e+01,-1.315056e+01,6.483104e+00,-1.429956e+01,2.748562e+00,2.185525e+01
120,1.200000,1.646135e+01,4.095384e+00,-3.907759e+01,5.182520e+00,-1.744934e+01,-3.941006e+01,-6.206033e+01,2.425295e+01,-2.157153e+01,1.552169e+01,-1.286678e+01,-4.011890e+00,2.250438e+01
121,1.210000,1.216426e+01,4.598238e+00,-5.103077e+01,1.551397e+01,-2.069520e+00,-5.123778e+01,-4.918237e+01,1.506648e+01,-3.209092e+01,-5.339949e+00,1.451778e+01,-1.920776e+01,2.316971e+01
122,1.220000,1.204755e+01,3.759701e+00,-4.406597e+01,1.945621e+01,-1.128772e+01,-4.920403e+01,-6.222672e+01,1.667787e+01,-4.156170e+01,-1.248386e+01,2.407156e+01,-2.920273e+01,2.346186e+01
123,1.230000,1.155826e+01,8.131961e+00,-3.979296e+01,1.900731e+01,-1.760579e+01,-3.420924e+01,-4.907908e+01,1.573358e+01,-3.901643e+01,-2.699690e+01,3.384381e+01,-3.810339e+01,2.340658e+01
124,1.240000,3.191746e+00,1.183498e+01,-2.831975e+01,5.829936e+00,-1.390502e+01,-2.883781e+01,-1.597703e+01,-1.618526e+01,-2.938716e+01,-1.820561e+01,2.941422e+01,-4.606803e+01,2.300340e+01
125,1.250000,-6.990803e+00,2.880391e+00,-1.148911e+01,-1.819928e+00,-5.248522e+00,-1.089958e+01,-4.081810e+00,-3.447136e+01,-3.801557e+01,1.181965e+01,5.079619e+00,-3.743998e+01,2.245268e+01
126,1.260000,-1.716632e+01,-2.099896e+00,-6.765988e+00,-3.873753e+00,1.833025e+01,-1.391128e+00,-1.007776e+01,-3.842927e+01,-3.328904e+01,1.245554e+01,-7.946921e-01,-3.355365e+01,2.189866e+01
127,1.270000,-1.626446e+01,-1.654302e+00,-9.139595e+00,-2.002611e+01,2.000566e+01,-1.344983e+01,-9.266583e+00,-3.197416e+01,-1.949592e+01,5.970814e+00,3.242243e+00,-3.474035e+01,2.136641e+01
128,1.280000,-1.598062e+01,8.153372e-01,-1.368939e+01,-2.454072e+01,2.252052e+01,-9.089269e+00,-5.386086e+00,-2.042698e+01,-8.180526e-01,2.367539e+00,-8.499708e-01,-2.872532e+01,2.080062e+01
129,1.290000,-1.693912e+01,1.057277e+01,-1.124848e+01,-1.804686e+01,1.674594e+01,-1.337757e+01,-1.260930e+01,-2.291376e+01,-2.743439e+00,-8.345503e-01,-3.555048e+00,-7.939149e+00,2.062086e+01
130,1.300000,-1.661629e+01,1.559403e+01,-1.122408e+01,-2.184182e+01,1.437105e+01,-5.059818e+00,-1.861835e+01,-3.996836e+01,-1.615909e+01,-5.296594e+00,-1.814049e+01,-1.181705e+00,2.073057e+01
131,1.310000,-1.362267e+01,2.321778e+01,-7.234299e+00,-3.149316e+01,6.202787e+00,-1.508685e+00,-1.665635e+01,-2.282667e+01,-8.244754e+00,-1.175857e+01,-1.069951e+01,5.974030e+00,2.108004e+01
132,1.320000,-1.028845e+01,2.717853e+01,-1.649023e+01,-3.474692e+01,-1.250478e+00,-5.183618e+00,-1.930799e+01,-2.875998e+01,-1.299018e+01,1.401845e+00,-1.015445e+01,-7.159050e+00,2.105059e+01
133,1.330000,-7.861381e+00,2.451172e+01,-2.381648e+00,-3.077697e+01,3.959777e+00,-7.062197e+00,-2.045267e+01,-3.184282e+01,-1.418536e+01,-8.882470e+00,-1.538466e+01,6.429164e+00,2.074504e+01
134,1.340000,-5.615558e+00,2.818902e+01,-4.267578e+00,-3.925377e+01,9.371066e-02,-1.153477e+01,-1.483035e+01,-3.969788e+01,-5.925165e+00,-3.391867e+00,-1.932100e+01,-4.471344e-03,2.018220e+01
135,1.350000,9.647084e-01,1.798828e+01,-1.339448e+00,-4.176812e+01,-7.195496e+00,-7.222969e+00,-2.282516e+01,-3.107850e+01,-2.061425e+00,-2.850583e+00,-2.779649e+01,-7.117107e+00,1.962836e+01
136,1.360000,2.625756e+00,2.008394e+01,1.251204e+00,-4.016776e+01,-2.893383e-01,-1.606613e+01,-2.393566e+01,-3.688557e+01,-5.679031e+00,-3.809334e+00,-1.802538e+01,-4.554810e+00,1.936509e+01
137,1.370000,7.811562e+00,2.219688e+01,4.329468e-02,-3.517997e+01,-1.221426e+01,-2.216661e+01,-1.445146e+01,-2.556856e+01,2.640125e+00,3.897538e+00,-1.903753e+01,3.414063e+00,1.964450e+01
138,1.380000,1.292791e+01,2.497744e+01,1.078637e+00,-3.046567e+01,-2.197889e+01,-3.559917e+01,-1.897135e+01,-2.582464e+01,-8.996772e+00,7.177416e+00,-1.148230e+01,-4.690437e+00,2.022439e+01
139,1.390000,1.465418e+01,2.878589e+01,3.115035e+00,-2.984292e+01,-2.157857e+01,-3.267711e+01,-2.031278e+01,-2.037449e+01,-8.267272e+00,1.622012e+01,-1.054098e+01,-3.666213e+00,2.064709e+01
140,1.400000,1.995914e+01,2.764203e+01,-1.813061e-01,-4.428980e+01,-2.010315e+01,-3.241028e+01,-1.552510e+01,-6.671869e+00,-2.919170e+01,1.083618e+01,-1.182142e+01,-1.078502e+01,2.099214e+01
141,1.410000,1.904376e+01,2.423719e+01,-6.739222e+00,-5.228725e+01,-1.449499e+01,-3.030665e+01,-2.540556e+01,-3.191783e+00,-3.418329e+01,1.922308e+01,-1.558873e+01,-1.697569e+01,2.132158e+01
142,1.420000,1.872648e+01,2.396662e+01,-7.344876e+00,-4.959024e+01,-6.212022e+00,-3.052249e+01,-3.408252e+01,-6.681540e-02,-3.546504e+01,2.522747e+01,-1.370888e+01,-1.541079e+01,2.160446e+01
143,1.430000,1.784873e+01,1.861335e+01,-1.263453e+01,-4.743162e+01,-7.712432e+00,-2.812898e+01,-2.952648e+01,-4.865428e+00,-4.400798e+01,3.347439e+01,-3.860408e+00,-3.737516e+00,2.153054e+01
144,1.440000,2.323079e+01,1.517954e+01,-2.185295e+01,-3.706852e+01,-1.044701e+01,-1.831831e+01,-3.020291e+01,-1.767658e+01,-3.278224e+01,3.276189e+01,1.074869e+01,-1.643556e+01,2.131961e+01
145,1.450000,2.388786e+01,1.402844e+01,-2.978872e+01,-2.541767e+01,-8.093257e+00,-2.574874e+01,-4.367593e+01,-2.314818e+01,-3.172845e+01,2.211985e+01,8.049933e+00,-2.007550e+01,2.163175e+01
146,1.460000,2.432977e+01,1.090568e+01,-2.944732e+01,-2.290788e+01,-7.462457e+00,-2.817312e+01,-4.837144e+01,-6.994057e+00,-2.450917e+01,1.477577e+01,-1.377461e+00,-1.577742e+01,2.179917e+01
147,1.470000,2.534185e+01,1.036865e+01,-2.513455e+01,-1.550181e+01,-1.801439e+01,-3.567765e+01,-4.909290e+01,-3.739063e+00,-2.708279e+01,1.582732e+01,1.151559e+01,-1.571133e+01,2.167071e+01
148,1.480000,2.294919e+01,1.544138e+01,-2.805837e+01,-9.166399e-01,-1.874212e+01,-1.906164e+01,-4.296182e+01,-9.681747e+00,-2.760926e+01,5.428303e+00,1.427826e+01,-7.980690e+00,2.172948e+01
149,1.490000,2.283140e+01,2.325599e+00,-3.533377e+01,1.982432e+01,-2.762672e+00,-3.435426e+01,-5.016395e+01,1.379654e+01,-3.773304e+01,-1.214915e+01,1.770736e+01,-1.356361e+01,2.176032e+01
150,1.500000,2.025757e+01,1.908312e+00,-3.116246e+01,2.630748e+01,-3.569604e+00,-3.293297e+01,-5.690686e+01,5.283362e+00,-3.964527e+01,-7.364194e+00,2.094995e+01,-1.519171e+01,2.175043e+01
151,1.510000,1.989619e+01,1.235470e+01,-2.253561e+01,1.821836e+01,-8.805743e+00,-1.460544e+01,-3.995523e+01,-2.615952e+00,-3.434038e+01,-2.045522e+01,1.805108e+01,-2.445429e+00,2.162561e+01
152,1.520000,2.014459e+01,8.880970e+00,-2.257482e+01,1.929682e+01,1.977538e+00,-2.859767e+01,-4.446545e+01,-3.300675e+00,-2.714992e+01,-1.222764e+01,2.145883e+01,-6.531703e+00,2.119807e+01
153,1.530000,1.815073e+01,8.473982e+00,-2.156354e+01,9.177090e+00,6.252639e+00,-2.437282e+01,-2.454732e+01,-7.397363e+00,-2.136332e+01,-7.793293e+00,2.436052e+01,-4.527853e+00,2.052914e+01
154,1.540000,1.015969e+01,4.806060e+00,-1.505669e+01,1.064870e+00,-2.852677e+00,-1.385154e+01,-1.496177e+01,-1.278629e+01,-2.249438e+01,7.841675e-01,2.790530e+01,-1.006796e+01,1.997305e+01
155,1.550000,7.663957e+00,-8.372837e-01,-6.327642e+00,-2.162724e+00,-2.533783e+00,1.731780e+00,8.957372e+00,-3.629239e+01,-2.485282e+01,2.867537e+01,6.358683e+00,-2.576212e+01,1.920262e+01
156,1.560000,-4.545453e+00,9.395766e-01,-1.745169e+00,-1.110803e+01,6.165358e-01,8.137632e+00,2.391524e+01,-5.222944e+01,-2.360543e+01,2.185595e+01,1.429614e+00,-2.670489e+01,1.861435e+01
157,1.570000,-1.151912e+01,-4.260969e+00,-8.066396e+00,-2.687718e+01,-2.527502e+00,1.707718e+00,2.005378e+01,-5.904829e+01,-2.835732e+01,2.764054e+01,-1.493769e+01,-2.099281e+01,1.792958e+01
158,1.580000,-1.390937e+01,3.447126e+00,-1.296782e+01,-2.547501e+01,-2.664010e+00,3.126609e+00,2.724785e+01,-5.116923e+01,-8.442127e+00,3.824464e+01,-1.418616e+00,-1.574293e+01,1.758677e+01
159,1.590000,-1.946254e+01,6.790778e+00,-1.605027e+01,-2.374464e+01,-8.051658e+00,4.120248e+00,2.801023e+01,-5.118410e+01,-6.829286e+00,2.590168e+01,-2.867102e+00,-2.509291e+01,1.743551e+01
160,1.600000,-1.743600e+01,1.261888e+01,-1.247516e+01,-2.867921e+01,7.142001e+00,1.275217e+00,3.129713e+01,-3.345427e+01,-1.123625e+01,2.116574e+01,-1.751901e+01,-9.790854e+00,1.678283e+01
161,1.610000,-1.395987e+01,1.359005e+01,-2.976389e+00,-1.892144e+01,-3.089442e+00,-3.213940e+00,1.984073e+01,-3.923989e+01,-1.239134e+01,1.323966e+01,-2.332910e+01,-1.898983e+01,1.679589e+01
162,1.620000,-2.360642e+00,2.207611e+01,6.105092e+00,-2.041482e+01,-1.615212e+01,-1.889526e+01,3.785530e-01,-3.798143e+01,-9.021297e+00,6.293169e+00,-2.581088e+01,-1.961073e+01,1.908859e+01
163,1.630000,9.572591e+00,2.985740e+01,1.197217e+01,-1.558733e+01,-2.336990e+01,-2.120311e+01,-7.666049e+00,-3.214408e+01,-1.435737e+01,1.056240e+00,-1.229065e+01,-2.943497e+00,2.018008e+01
164,1.640000,1.508874e+01,2.989191e+01,1.619608e+01,-1.438800e+01,-3.048067e+01,-3.447088e+01,-2.022695e+01,-2.560496e+01,-1.262808e+01,8.640653e+00,-2.210022e+01,-5.066756e+00,2.072017e+01
165,1.650000,1.758011e+01,2.994756e+01,1.134980e+01,-1.611862e+01,-3.502349e+01,-4.203101e+01,-2.838411e+01,-1.471513e+01,-1.224087e+01,-5.267124e+00,-6.937183e+00,-7.230871e+00,2.089834e+01
166,1.660000,2.177734e+01,3.204626e+01,8.290298e+00,-2.644930e+01,-3.822935e+01,-3.636424e+01,-2.618931e+01,-1.247346e+01,-1.557626e+00,-6.403915e+00,-1.038013e+01,-7.063234e+00,2.103166e+01
167,1.670000,2.127941e+01,2.736425e+01,6.688497e+00,-3.121626e+01,-3.888994e+01,-3.922453e+01,-3.073199e+01,-1.524578e+01,-1.356368e+00,7.657432e+00,-1.813233e+01,-1.832431e+01,2.112982e+01
168,1.680000,2.159014e+01,2.614004e+01,3.386073e+00,-3.066724e+01,-3.573606e+01,-3.503962e+01,-2.478787e+01,-4.875795e+00,-1.285380e+01,1.805445e+01,-1.474653e+01,-1.702304e+01,2.113093e+01
169,1.690000,2.048407e+01,2.616356e+01,3.552755e+00,-3.304396e+01,-3.373343e+01,-3.484210e+01,-1.726658e+01,-9.921784e+00,-1.528113e+01,2.847382e+01,-1.210271e+01,-1.323774e+01,2.112844e+01
170,1.700000,1.960244e+01,2.581665e+01,-5.827613e+00,-3.329293e+01,-2.721796e+01,-4.056280e+01,-3.557863e+01,-7.804689e+00,-1.416847e+01,1.427604e+01,-6.711602e+00,-9.441257e+00,2.070561e+01
171,1.710000,1.757806e+01,2.235071e+01,-3.030348e+00,-2.672383e+01,-3.099848e+01,-2.347912e+01,-2.325552e+01,-1.081293e+01,-8.941629e+00,7.792440e+00,3.163225e+00,-7.100791e+00,2.067384e+01
172,1.720000,2.086978e+01,2.124302e+01,-1.022457e+01,-3.286818e+01,-3.237009e+01,-3.125792e+01,-2.540204e+01,-1.645343e+01,-1.132877e+01,7.141787e+00,7.656562e-01,-5.607245e+00,2.059935e+01
173,1.730000,2.628750e+01,2.018378e+01,-2.146950e+01,-2.621892e+01,-2.323177e+01,-2.203168e+01,-2.625566e+01,-1.202625e+01,-1.770358e+01,2.190053e+00,-2.493764e-01,1.406401e+00,2.138925e+01
174,1.740000,2.638935e+01,1.488538e+01,-2.280470e+01,-4.019981e+01,4.109122e+00,-3.406614e+01,-2.334318e+01,-1.173886e+01,-4.136356e+01,3.308032e+01,8.688689e-01,-5.776122e+00,2.199329e+01
175,1.750000,2.805374e+01,7.735082e+00,-2.322881e+01,-2.299590e+01,-4.025156e+00,-4.355731e+01,-2.547659e+01,-9.187152e+00,-5.016129e+01,2.088071e+01,7.120679e+00,5.216141e+00,2.202220e+01
176,1.760000,2.776357e+01,-9.297071e+00,-3.298150e+01,1.190410e+01,4.365236e+00,-3.582903e+01,-2.763653e+01,3.159499e+00,-5.145197e+01,-2.439687e+00,1.843040e+01,2.780280e+00,2.145704e+01
177,1.770000,2.600701e+01,-4.800742e+00,-2.640013e+01,2.114454e+01,7.876992e+00,-2.272917e+01,-2.798411e+01,1.754818e+00,-4.267350e+01,-7.427598e+00,3.115093e+01,1.532972e+01,2.075501e+01
178,1.780000,1.925192e+01,-8.747559e+00,-2.692915e+01,2.890382e+01,2.173936e+01,-1.848444e+01,-3.360378e+01,-3.796697e+00,-3.753418e+01,-2.489882e+00,2.600196e+01,1.347158e+01,1.969197e+01
179,1.790000,1.060557e+01,-1.356501e+01,-3.239001e+01,1.800014e+01,1.563794e+01,-1.301540e+01,-3.033473e+01,1.291218e+00,-2.264727e+01,-9.180837e+00,1.404361e+01,4.369437e+00,1.803223e+01
180,1.800000,7.661840e+00,-1.231183e+01,-2.418579e+01,2.155980e+01,1.806776e+01,-1.933825e+01,-3.028850e+01,-4.793036e+00,-3.025653e+01,-8.471046e+00,1.232378e+01,9.575541e+00,1.725665e+01
181,1.810000,4.545152e-01,-7.420747e+00,-2.874801e+01,1.373376e+01,4.359965e+00,-2.384665e+01,-2.676197e+01,-6.288123e+00,-1.750840e+01,-8.604366e+00,1.212754e+01,-1.550061e+01,1.662189e+01
182,1.820000,-1.021602e+01,-1.646911e-03,-3.138840e+01,8.227483e+00,-2.626025e+00,-1.688110e+01,-1.324790e+01,-1.704732e+01,2.898826e+00,-3.884866e+00,7.324524e+00,-1.163884e+01,1.546535e+01
183,1.830000,-1.258281e+01,-1.016314e+00,-2.422814e+01,7.111439e+00,1.036207e+01,4.636725e-01,-5.942197e+00,-1.430712e+01,-1.903886e+00,-7.115616e+00,1.500989e+01,-9.657516e+00,1.462222e+01
184,1.840000,-1.539825e+01,-9.442669e-01,-1.991082e+01,1.139086e+01,1.084342e+01,4.868528e+00,-5.070102e+00,-1.234234e+01,-4.552523e-01,-5.010796e+00,1.660539e+01,-1.844484e+01,1.395576e+01
185,1.850000,-1.351466e+01,-2.025392e+00,-1.231260e+01,7.017367e+00,5.443976e-01,-4.882074e+00,-1.484098e+01,-1.533059e+01,-5.011076e+00,9.652821e-01,6.574824e+00,-1.932908e+01,1.342139e+01
186,1.860000,-1.297039e+01,3.561271e+00,-2.104791e-01,1.205124e+01,3.330632e+00,3.107466e+00,-6.839838e-01,-8.118443e+00,-1.152690e+00,1.314210e+01,8.676234e+00,-1.379978e+01,1.385811e+01
187,1.870000,-1.037084e+01,7.991148e+00,3.349128e+00,9.427173e+00,-2.932594e+00,-1.053581e+01,-9.065131e+00,-5.103058e-01,2.405653e+00,5.643268e+00,7.046896e-01,-1.428450e+01,1.398719e+01
188,1.880000,-1.522513e+01,5.486862e+00,-4.734569e+00,1.357775e+01,-9.720691e-01,-2.435333e+00,-5.766295e+00,-4.705959e+00,-7.993015e+00,4.345681e+00,8.627377e+00,-8.161918e+00,1.376364e+01
189,1.890000,-1.611976e+01,3.248780e+00,3.646380e+00,2.052794e+01,-2.071579e+00,-1.064295e+01,-4.551545e+00,6.113877e+00,-3.982341e+00,7.812294e+00,1.058476e+01,-5.685927e+00,1.356199e+01
190,1.900000,-1.231328e+01,1.953765e+00,7.078083e+00,1.629925e+01,-5.480596e+00,-8.694144e+00,-3.469747e+00,-7.371760e+00,-1.022695e+01,-4.848793e+00,-4.432528e+00,1.061117e+00,1.361956e+01
191,1.910000,-1.358718e+01,1.029137e+01,4.693465e+00,8.275795e+00,-4.714425e+00,4.328893e+00,-1.674549e+01,-1.091295e+01,-9.360199e+00,-1.984711e+00,2.152792e+00,-5.539244e+00,1.349358e+01
192,1.920000,-1.467179e+01,6.999399e+00,1.258080e+00,8.683537e+00,-4.670336e+00,-2.941459e+00,-1.490171e+01,-5.100523e+00,7.201530e+00,1.263544e+01,1.105395e+01,-1.470626e+00,1.339049e+01
193,1.930000,-1.523057e+01,6.416295e+00,7.945012e+00,1.247666e+01,-8.824790e-01,-7.022852e+00,-3.827760e+00,-6.807095e-01,1.062958e+00,4.707794e+00,-7.230567e+00,-1.398979e+01,1.316941e+01
194,1.940000,-1.281737e+01,4.920938e+00,-3.447256e+00,4.686414e+00,3.146344e+00,-8.694054e+00,-9.469346e+00,1.112962e+01,1.749510e+01,1.711324e+01,-3.707573e-01,-7.291467e+00,1.299530e+01
195,1.950000,-1.510479e+01,1.011082e+00,-8.169552e-02,5.110683e+00,2.467857e+00,-3.010404e+00,-2.960644e+00,-1.839077e+00,4.356485e+00,6.360846e+00,3.028590e+00,3.249869e+00,1.286680e+01
196,1.960000,-1.229137e+01,3.086184e+00,1.521430e+00,5.662141e+00,5.201204e+00,-2.518987e+00,-4.368885e-01,7.070238e+00,1.048922e+01,9.260052e+00,-1.991279e+00,-4.082910e+00,1.276732e+01
197,1.970000,-1.381555e+01,2.836389e+00,2.771410e+00,7.639815e+00,1.116324e+00,1.659300e-01,-1.428803e+01,-1.133894e+01,6.590544e+00,1.136230e+01,6.605253e+00,2.550701e+00,1.268043e+01
198,1.980000,-1.525381e+01,-9.051346e-01,5.692943e+00,1.424948e+01,2.694605e-01,-3.244601e-01,-1.291930e+01,-1.853214e+01,-1.068817e+01,-2.951509e+00,-4.137100e+00,-1.012536e+00,1.268173e+01
199,1.990000,-1.288582e+01,2.089137e+00,7.070977e+00,8.700181e+00,-1.300597e-01,-2.954370e+00,-1.285832e+01,-6.819898e+00,-3.321414e+00,-7.178741e-01,-9.650838e+00,-5.300090e+00,1.242881e+01
200,2.000000,-1.933761e+01,-4.258965e+00,2.023530e+00,-2.798169e+00,-4.838441e-01,-2.774783e+00,-7.024969e+00,1.205056e+00,7.160790e+00,8.873409e+00,-8.101496e-01,-3.067320e+00,1.204533e+01
201,2.010000,-1.844227e+01,-3.451092e+00,2.987720e+00,-5.406338e+00,-1.029025e+00,-8.215450e+00,-1.577834e+01,6.357046e+00,7.943431e+00,5.051644e-01,-5.469567e+00,-5.603299e+00,1.201599e+01
202,2.020000,-1.518455e+01,-1.300063e+01,-3.830739e+00,1.016197e+01,8.579048e+00,-7.538728e+00,-2.780205e+01,-6.129081e+00,4.807272e+00,2.581459e+00,-8.287984e+00,-5.979231e+00,1.249780e+01
203,2.030000,-1.092589e+01,-4.878292e+00,-1.156461e+00,7.590394e+00,4.867864e-01,-4.569347e+00,-2.910540e+01,-4.314379e+00,7.812750e+00,1.299448e+01,-3.992282e+00,-1.264378e+01,1.250528e+01
204,2.040000,-1.477242e+01,-2.817028e+00,5.949604e-01,1.643598e+00,-9.790273e+00,-7.347652e+00,-8.681105e+00,1.013925e+00,8.208061e-01,6.780473e+00,-3.454607e+00,1.618598e+00,1.219588e+01
205,2.050000,-1.435846e+01,-2.213887e+00,7.027880e+00,6.330392e-02,-5.450876e+00,2.252004e+00,-4.978445e+00,-1.650062e+01,-3.106759e+00,1.040873e+01,-9.877461e+00,-2.368712e-01,1.195502e+01
206,2.060000,-1.408812e+01,1.068233e+00,9.924991e+00,1.092281e+01,1.570450e+00,-1.208351e+00,-8.756451e+00,-8.055899e+00,4.950145e+00,1.218237e+01,-1.789776e+00,2.606045e+00,1.239381e+01
207,2.070000,-1.746557e+01,1.959599e+00,7.701730e+00,1.715585e+01,-4.617227e+00,6.972498e+00,-2.343789e+00,-3.335181e+00,2.700830e+00,1.966756e+01,-9.273664e+00,8.644313e+00,1.229026e+01
208,2.080000,-1.488320e+01,-1.336697e+00,3.603415e+00,8.639349e+00,-5.340723e+00,-6.064400e+00,2.088351e+00,-7.428992e-01,-2.637164e+00,-7.105885e+00,-9.925755e+00,6.410626e+00,1.268555e+01
209,2.090000,-8.698914e+00,6.438694e+00,8.739376e+00,6.130456e+00,7.747859e-01,2.663490e+00,-5.224252e+00,-2.574384e+00,-7.029116e+00,-4.060977e+00,-3.856679e+00,-5.046082e+00,1.277681e+01
210,2.100000,-1.780084e+01,8.224673e+00,1.361973e+00,1.881938e+01,-3.735434e+00,7.822541e+00,-1.142999e+01,3.169516e+00,5.657751e+00,5.045566e+00,-8.451393e+00,-9.027886e+00,1.316296e+01
211,2.110000,-2.953825e+01,9.099871e+00,-7.950008e+00,2.712699e+01,-4.926054e+00,1.376609e+01,-1.492867e+01,3.821909e+00,5.100493e-01,4.513936e+00,-1.102656e+01,-2.434295e+00,1.505593e+01
212,2.120000,-4.684743e+01,7.687649e+00,-4.819134e+00,2.226192e+01,2.804168e+00,-1.108361e+01,-1.170463e+01,1.297719e+01,1.408000e+01,-1.187414e+01,-7.095516e+00,2.718936e-01,1.759596e+01
213,2.130000,-4.907463e+01,-1.208263e+01,-1.181562e+01,1.731838e+01,-3.394310e-01,-1.114858e+01,-7.233631e+00,5.915992e+00,-9.353659e+00,-1.279625e+01,-1.064592e+00,2.827474e+00,1.868957e+01
214,2.140000,-4.924768e+01,-1.349822e+01,-9.813173e+00,1.355432e+01,3.226270e+00,-1.622519e+01,-1.682067e+01,-1.145114e+01,-2.286767e+01,-1.791099e+01,5.238022e-01,1.527077e+01,1.930180e+01
215,2.150000,-5.589545e+01,-1.289103e+01,-5.544117e-01,2.161166e+01,6.158849e+00,-1.883945e+01,-1.143488e+01,4.093817e+00,3.033175e+00,-6.772313e+00,-1.518175e+01,1.707189e+01,1.927149e+01
216,2.160000,-5.764921e+01,-1.255617e+01,3.729141e+00,2.183771e+01,7.183482e+00,-1.370434e+01,-1.748547e+00,1.294778e+01,5.518454e+00,-6.434560e+00,-5.693595e+00,1.481760e+01,1.930383e+01
217,2.170000,-5.458089e+01,-1.361740e+01,3.493076e+00,2.468698e+01,9.936750e+00,-2.478405e+01,-2.126631e+01,1.138622e+01,1.324903e+01,-3.959448e+00,-8.212244e+00,1.150066e+01,1.909843e+01
218,2.180000,-5.394337e+01,-1.332393e+01,5.908577e-01,2.569081e+01,5.137475e+00,-1.644530e+01,-1.717219e+01,1.008457e+01,1.464209e+01,7.051436e+00,6.818494e-01,6.071384e+00,1.891401e+01
219,2.190000,-4.736479e+01,-1.518287e+01,3.082642e+00,2.328563e+01,1.757729e+01,-3.762446e+00,-1.594259e+01,-4.067798e+00,3.430440e+00,4.294314e-01,-1.103428e+01,2.581557e-02,1.864046e+01
220,2.200000,-4.847001e+01,-2.041177e+01,-1.025645e+01,2.423901e+01,2.346874e+01,-8.397254e+00,-1.516700e+01,9.157896e+00,-1.129515e+00,3.832250e+00,-4.690872e+00,3.899619e+00,1.834480e+01
